序号,论文标题,相关链接,论文编号,被引次数
1,"Association Rule Mining, Models and Algorithms.","<a href=""https://doi.org/10.1007/3-540-46027-6""><img alt="""" class=""icon"" itemprop=""image"" src=""https://dblp.org/img/paper.dark.hollow.16x16.png""/></a>",10.1007/3-540-46027-6,239
2,The discovery of association rules from tabular databases comprising nominal and ordinal attributes.,"<a href=""https://ethos.bl.uk/OrderDetails.do?uin=uk.bl.ethos.268482""><img alt="""" class=""icon"" itemprop=""image"" src=""https://dblp.org/img/paper.dark.hollow.16x16.png""/></a>","=""https://ethos.bl.uk/OrderDetails.do?uin=uk.bl.ethos.268482",被引次数暂无
3,Using dependency/association rules to find indications for computed tomography in a head trauma dataset.,"<a href=""https://doi.org/10.1016/S0933-3657(02)00052-0""><img alt="""" class=""icon"" itemprop=""image"" src=""https://dblp.org/img/paper.dark.hollow.16x16.png""/></a>",10.1016/S0933-3657(02)00052-0,9
4,Extraction of knowledge on protein-protein interaction by association rule discovery.,"<a href=""https://doi.org/10.1093/bioinformatics/18.5.705""><img alt="""" class=""icon"" itemprop=""image"" src=""https://dblp.org/img/paper.dark.hollow.16x16.png""/></a>",10.1093/bioinformatics/18.5.705,50
5,Cubegrades: Generalizing Association Rules.,"<a href=""https://doi.org/10.1023/A:1015417610840""><img alt="""" class=""icon"" itemprop=""image"" src=""https://dblp.org/img/paper.dark.hollow.16x16.png""/></a>",10.1023/A:1015417610840,33
6,Efficient Adaptive-Support Association Rule Mining for Recommender Systems.,"<a href=""https://doi.org/10.1023/A:1013284820704""><img alt="""" class=""icon"" itemprop=""image"" src=""https://dblp.org/img/paper.dark.hollow.16x16.png""/></a>",10.1023/A:1013284820704,231
7,Measuring the accuracy and interest of association rules: A new framework.,"<a href=""http://content.iospress.com/articles/intelligent-data-analysis/ida00089""><img alt="""" class=""icon"" itemprop=""image"" src=""https://dblp.org/img/paper.dark.hollow.16x16.png""/></a>","=""http://content.iospress.com/articles/intelligent-data-analysis/ida00089",被引次数暂无
8,Optimization of association rule mining queries.,"<a href=""http://content.iospress.com/articles/intelligent-data-analysis/ida00097""><img alt="""" class=""icon"" itemprop=""image"" src=""https://dblp.org/img/paper.dark.hollow.16x16.png""/></a>","=""http://content.iospress.com/articles/intelligent-data-analysis/ida00097",被引次数暂无
9,Generalized Fuzzy Quantitative Association Rules Mining with Fuzzy Generalization Hierarchies.,"<a href=""https://doi.org/10.5391/IJFIS.2002.2.3.210""><img alt="""" class=""icon"" itemprop=""image"" src=""https://dblp.org/img/paper.dark.hollow.16x16.png""/></a>",10.5391/IJFIS.2002.2.3.210,0
10,Mining association rules using inverted hashing and pruning.,"<a href=""https://doi.org/10.1016/S0020-0190(01)00330-1""><img alt="""" class=""icon"" itemprop=""image"" src=""https://dblp.org/img/paper.dark.hollow.16x16.png""/></a>",10.1016/S0020-0190(01)00330-1,28
11,A lattice-based approach for I/O efficient association rule mining.,"<a href=""https://doi.org/10.1016/S0306-4379(01)00046-1""><img alt="""" class=""icon"" itemprop=""image"" src=""https://dblp.org/img/paper.dark.hollow.16x16.png""/></a>",10.1016/S0306-4379(01)00046-1,3
12,Fuzzy association rules and the extended mining algorithms.,"<a href=""https://doi.org/10.1016/S0020-0255(02)00264-5""><img alt="""" class=""icon"" itemprop=""image"" src=""https://dblp.org/img/paper.dark.hollow.16x16.png""/></a>",10.1016/S0020-0255(02)00264-5,92
13,ARMiner: A Data Mining Tool Based on Association Rules.,"<a href=""https://doi.org/10.1007/BF02948827""><img alt="""" class=""icon"" itemprop=""image"" src=""https://dblp.org/img/paper.dark.hollow.16x16.png""/></a>",10.1007/BF02948827,1
14,Effective Discovery of Exception Class Association Rules.,"<a href=""https://doi.org/10.1007/BF02947308""><img alt="""" class=""icon"" itemprop=""image"" src=""https://dblp.org/img/paper.dark.hollow.16x16.png""/></a>",10.1007/BF02947308,0
15,Bottom-Up Association Rule Mining in Relational Databases.,"<a href=""https://doi.org/10.1023/A:1016559527944""><img alt="""" class=""icon"" itemprop=""image"" src=""https://dblp.org/img/paper.dark.hollow.16x16.png""/></a>",10.1023/A:1016559527944,2
16,Attribute Generation Based on Association Rules.,"<a href=""https://doi.org/10.1007/s101150200010""><img alt="""" class=""icon"" itemprop=""image"" src=""https://dblp.org/img/paper.dark.hollow.16x16.png""/></a>",10.1007/s101150200010,7
17,Mining the optimal class association rule set.,"<a href=""https://doi.org/10.1016/S0950-7051(02)00024-2""><img alt="""" class=""icon"" itemprop=""image"" src=""https://dblp.org/img/paper.dark.hollow.16x16.png""/></a>",10.1016/S0950-7051(02)00024-2,34
18,Is pushing constraints deeply into the mining algorithms really what we want?: an alternative approach for association rule mining.,"<a href=""https://doi.org/10.1145/568574.568582""><img alt="""" class=""icon"" itemprop=""image"" src=""https://dblp.org/img/paper.dark.hollow.16x16.png""/></a>",10.1145/568574.568582,24
19,Image segmentation using association rule features.,"<a href=""https://doi.org/10.1109/TIP.2002.1006402""><img alt="""" class=""icon"" itemprop=""image"" src=""https://dblp.org/img/paper.dark.hollow.16x16.png""/></a>",10.1109/TIP.2002.1006402,11
20,Fast Algorithms for Online Generation of Profile Association Rules.,"<a href=""https://doi.org/10.1109/TKDE.2002.1033771""><img alt="""" class=""icon"" itemprop=""image"" src=""https://dblp.org/img/paper.dark.hollow.16x16.png""/></a>",10.1109/TKDE.2002.1033771,8
21,Mining Optimized Association Rules with Categorical and Numeric Attributes.,"<a href=""https://doi.org/10.1109/69.979971""><img alt="""" class=""icon"" itemprop=""image"" src=""https://dblp.org/img/paper.dark.hollow.16x16.png""/></a>",10.1109/69.979971,39
22,A template model for multidimensional inter-transactional association rules.,"<a href=""https://doi.org/10.1007/s00778-002-0069-6""><img alt="""" class=""icon"" itemprop=""image"" src=""https://dblp.org/img/paper.dark.hollow.16x16.png""/></a>",10.1007/s00778-002-0069-6,26
23,Mining Incremental Association Rules with Generalized FP-Tree.,"<a href=""https://doi.org/10.1007/3-540-47922-8_13""><img alt="""" class=""icon"" itemprop=""image"" src=""https://dblp.org/img/paper.dark.hollow.16x16.png""/></a>",10.1007/3-540-47922-8_13,29
24,A visual data mining environment: metaqueries and association rules.,"<a href=""https://doi.org/10.1145/1556262.1556302""><img alt="""" class=""icon"" itemprop=""image"" src=""https://dblp.org/img/paper.dark.hollow.16x16.png""/></a>",10.1145/1556262.1556302,0
25,Real World Association Rule Mining.,"<a href=""https://doi.org/10.1007/3-540-45495-0_13""><img alt="""" class=""icon"" itemprop=""image"" src=""https://dblp.org/img/paper.dark.hollow.16x16.png""/></a>",10.1007/3-540-45495-0_13,1
26,Mining Diabetes Database With Decision Trees and Association Rules.,"<a href=""https://doi.org/10.1109/CBMS.2002.1011367""><img alt="""" class=""icon"" itemprop=""image"" src=""https://dblp.org/img/paper.dark.hollow.16x16.png""/></a>",10.1109/CBMS.2002.1011367,8
27,Mining soft-matching association rules.,"<a href=""https://doi.org/10.1145/584792.584918""><img alt="""" class=""icon"" itemprop=""image"" src=""https://dblp.org/img/paper.dark.hollow.16x16.png""/></a>",10.1145/584792.584918,8
28,Association Rules and Non-Classical Logics.,"<a href=""https://doi.org/10.1109/CMPSAC.2002.1045168""><img alt="""" class=""icon"" itemprop=""image"" src=""https://dblp.org/img/paper.dark.hollow.16x16.png""/></a>",10.1109/CMPSAC.2002.1045168,0
29,Induction of Association Rules: Apriori Implementation.,"<a href=""https://doi.org/10.1007/978-3-642-57489-4_59""><img alt="""" class=""icon"" itemprop=""image"" src=""https://dblp.org/img/paper.dark.hollow.16x16.png""/></a>",10.1007/978-3-642-57489-4_59,129
30,Rough Sets and Association Rules - Which is Efficient?,"<a href=""https://doi.org/10.1007/978-3-642-57489-4_81""><img alt="""" class=""icon"" itemprop=""image"" src=""https://dblp.org/img/paper.dark.hollow.16x16.png""/></a>",10.1007/978-3-642-57489-4_81,0
31,A Comparison between Query Languages for the Extraction of Association Rules.,"<a href=""https://doi.org/10.1007/3-540-46145-0_1""><img alt="""" class=""icon"" itemprop=""image"" src=""https://dblp.org/img/paper.dark.hollow.16x16.png""/></a>",10.1007/3-540-46145-0_1,8
32,Mining Association Rules from XML Data.,"<a href=""https://doi.org/10.1007/3-540-46145-0_3""><img alt="""" class=""icon"" itemprop=""image"" src=""https://dblp.org/img/paper.dark.hollow.16x16.png""/></a>",10.1007/3-540-46145-0_3,14
33,Efficient Automated Mining of Fuzzy Association Rules.,"<a href=""https://doi.org/10.1007/3-540-46146-9_14""><img alt="""" class=""icon"" itemprop=""image"" src=""https://dblp.org/img/paper.dark.hollow.16x16.png""/></a>",10.1007/3-540-46146-9_14,17
34,Post-processing Operators for Browsing Large Sets of Association Rules.,"<a href=""https://doi.org/10.1007/3-540-36182-0_43""><img alt="""" class=""icon"" itemprop=""image"" src=""https://dblp.org/img/paper.dark.hollow.16x16.png""/></a>",10.1007/3-540-36182-0_43,8
35,Privacy-Preserving Distributed Mining of Association Rules on Horizontally Partitioned Data.,"<a href=""http://www.bell-labs.com/user/minos/DMKD02/Papers/kantarcioglu.pdf""><img alt="""" class=""icon"" itemprop=""image"" src=""https://dblp.org/img/paper.dark.hollow.16x16.png""/></a>","=""http://www.bell-labs.com/user/minos/DMKD02/Papers/kantarcioglu.pdf",被引次数暂无
36,Algebraic specification of association rule queries.,"<a href=""https://doi.org/10.1117/12.460214""><img alt="""" class=""icon"" itemprop=""image"" src=""https://dblp.org/img/paper.dark.hollow.16x16.png""/></a>",10.1117/12.460214,1
37,Discovering fuzzy spatial association rules.,"<a href=""https://doi.org/10.1117/12.460216""><img alt="""" class=""icon"" itemprop=""image"" src=""https://dblp.org/img/paper.dark.hollow.16x16.png""/></a>",10.1117/12.460216,1
38,Study and improvement on hierarchical algorithm of association rule.,"<a href=""https://doi.org/10.1117/12.460215""><img alt="""" class=""icon"" itemprop=""image"" src=""https://dblp.org/img/paper.dark.hollow.16x16.png""/></a>",10.1117/12.460215,0
39,Extraction of Primitive Motion and Discovery of Association Rules from Human Motion Data.,"<a href=""https://doi.org/10.1007/3-540-45884-0_24""><img alt="""" class=""icon"" itemprop=""image"" src=""https://dblp.org/img/paper.dark.hollow.16x16.png""/></a>",10.1007/3-540-45884-0_24,6
40,Composition of Mining Contexts for Efficient Extraction of Association Rules.,"<a href=""https://doi.org/10.1007/3-540-45876-X_9""><img alt="""" class=""icon"" itemprop=""image"" src=""https://dblp.org/img/paper.dark.hollow.16x16.png""/></a>",10.1007/3-540-45876-X_9,8
41,Relational Association Rules: Getting WARMeR.,"<a href=""https://doi.org/10.1007/3-540-45728-3_10""><img alt="""" class=""icon"" itemprop=""image"" src=""https://dblp.org/img/paper.dark.hollow.16x16.png""/></a>",10.1007/3-540-45728-3_10,29
42,Constraint-Based Discovery and Inductive Queries: Application to Association Rule Mining.,"<a href=""https://doi.org/10.1007/3-540-45728-3_9""><img alt="""" class=""icon"" itemprop=""image"" src=""https://dblp.org/img/paper.dark.hollow.16x16.png""/></a>",10.1007/3-540-45728-3_9,5
43,Concise Representations of Association Rules.,"<a href=""https://doi.org/10.1007/3-540-45728-3_8""><img alt="""" class=""icon"" itemprop=""image"" src=""https://dblp.org/img/paper.dark.hollow.16x16.png""/></a>",10.1007/3-540-45728-3_8,31
44,Discovering Association Rules using the Formal Concept Analysis.,"<a href=""https://dblp.org/rec/conf/f-egc/YahiaS02.html""><img alt="""" class=""icon"" src=""https://dblp.org/img/info.dark.hollow.16x16.png""/>no references &amp; citations available</a>","=""https://dblp.org/rec/conf/f-egc/YahiaS02.html",被引次数暂无
45,Association Rule Extraction for Text Mining.,"<a href=""https://doi.org/10.1007/3-540-36109-X_12""><img alt="""" class=""icon"" itemprop=""image"" src=""https://dblp.org/img/paper.dark.hollow.16x16.png""/></a>",10.1007/3-540-36109-X_12,5
46,Mining Fuzzy Association Rules from Sequence databases with Quantitative data and Inter-Transaction Intervals.,"<a href=""https://dblp.org/rec/conf/fskd/YangL02.html""><img alt="""" class=""icon"" src=""https://dblp.org/img/info.dark.hollow.16x16.png""/>no references &amp; citations available</a>","=""https://dblp.org/rec/conf/fskd/YangL02.html",被引次数暂无
47,Algorithms for finding Influential association Rules.,"<a href=""https://dblp.org/rec/conf/fskd/ZhangC02.html""><img alt="""" class=""icon"" src=""https://dblp.org/img/info.dark.hollow.16x16.png""/>no references &amp; citations available</a>","=""https://dblp.org/rec/conf/fskd/ZhangC02.html",被引次数暂无
48,Mining fuzzy association rules in incomplete databases.,"<a href=""https://doi.org/10.1109/FUZZ.2002.1004998""><img alt="""" class=""icon"" itemprop=""image"" src=""https://dblp.org/img/paper.dark.hollow.16x16.png""/></a>",10.1109/FUZZ.2002.1004998,2
49,Fuzzy data mining for discovering changes in association rules over time.,"<a href=""https://doi.org/10.1109/FUZZ.2002.1006622""><img alt="""" class=""icon"" itemprop=""image"" src=""https://dblp.org/img/paper.dark.hollow.16x16.png""/></a>",10.1109/FUZZ.2002.1006622,0
50,Semantics oriented association rules.,"<a href=""https://doi.org/10.1109/FUZZ.2002.1006633""><img alt="""" class=""icon"" itemprop=""image"" src=""https://dblp.org/img/paper.dark.hollow.16x16.png""/></a>",10.1109/FUZZ.2002.1006633,1
51,Associations and rules in data mining: a linkage analysis.,"<a href=""https://doi.org/10.1109/FUZZ.2002.1006618""><img alt="""" class=""icon"" itemprop=""image"" src=""https://dblp.org/img/paper.dark.hollow.16x16.png""/></a>",10.1109/FUZZ.2002.1006618,1
52,A Fuzzy Relatedness Measure for Determining Interestingness of Association Rules.,"<a href=""https://dblp.org/rec/conf/his/ShekarN02.html""><img alt="""" class=""icon"" src=""https://dblp.org/img/info.dark.hollow.16x16.png""/>no references &amp; citations available</a>","=""https://dblp.org/rec/conf/his/ShekarN02.html",被引次数暂无
53,On-Line Generation of Association Rules Using Inverted File Indexing and Compression.,"<a href=""https://dblp.org/rec/conf/iadis/KourisMT02.html""><img alt="""" class=""icon"" src=""https://dblp.org/img/info.dark.hollow.16x16.png""/>no references &amp; citations available</a>","=""https://dblp.org/rec/conf/iadis/KourisMT02.html",被引次数暂无
54,Association Rule-Based Immediately Dynamic Demand Matching Search System.,"<a href=""https://doi.org/10.1109/CIE.2002.1186212""><img alt="""" class=""icon"" itemprop=""image"" src=""https://dblp.org/img/paper.dark.hollow.16x16.png""/></a>",10.1109/CIE.2002.1186212,0
55,FAST: A New Sampling-Based Algorithm for Discovering Association Rules.,"<a href=""https://doi.org/10.1109/ICDE.2002.994717""><img alt="""" class=""icon"" itemprop=""image"" src=""https://dblp.org/img/paper.dark.hollow.16x16.png""/></a>",10.1109/ICDE.2002.994717,1
56,How Good Are Association-Rule Mining Algorithms?,"<a href=""https://doi.org/10.1109/ICDE.2002.994730""><img alt="""" class=""icon"" itemprop=""image"" src=""https://dblp.org/img/paper.dark.hollow.16x16.png""/></a>",10.1109/ICDE.2002.994730,1
57,Predator-Miner: Ad hoc Mining of Associations Rules within a Database Management System.,"<a href=""https://doi.org/10.1109/ICDE.2002.994741""><img alt="""" class=""icon"" itemprop=""image"" src=""https://dblp.org/img/paper.dark.hollow.16x16.png""/></a>",10.1109/ICDE.2002.994741,0
58,Investigative Profiling with Computer Forensic Log Data and Association Rules.,"<a href=""https://doi.org/10.1109/ICDM.2002.1183880""><img alt="""" class=""icon"" itemprop=""image"" src=""https://dblp.org/img/paper.dark.hollow.16x16.png""/></a>",10.1109/ICDM.2002.1183880,19
59,Mining General Temporal Association Rules for Items with Different Exhibition Periods.,"<a href=""https://doi.org/10.1109/ICDM.2002.1183886""><img alt="""" class=""icon"" itemprop=""image"" src=""https://dblp.org/img/paper.dark.hollow.16x16.png""/></a>",10.1109/ICDM.2002.1183886,26
60,Generating an informative cover for association rules.,"<a href=""https://doi.org/10.1109/ICDM.2002.1184007""><img alt="""" class=""icon"" itemprop=""image"" src=""https://dblp.org/img/paper.dark.hollow.16x16.png""/></a>",10.1109/ICDM.2002.1184007,13
61,Discovery of Interesting Association Rules from Livelink Web Log Data.,"<a href=""https://doi.org/10.1109/ICDM.2002.1184048""><img alt="""" class=""icon"" itemprop=""image"" src=""https://dblp.org/img/paper.dark.hollow.16x16.png""/></a>",10.1109/ICDM.2002.1184048,2
62,Mining Generalized Association Rules Using Pruning Techniques.,"<a href=""https://doi.org/10.1109/ICDM.2002.1183907""><img alt="""" class=""icon"" itemprop=""image"" src=""https://dblp.org/img/paper.dark.hollow.16x16.png""/></a>",10.1109/ICDM.2002.1183907,2
63,Mining Association Rules from Stars.,"<a href=""https://doi.org/10.1109/ICDM.2002.1183919""><img alt="""" class=""icon"" itemprop=""image"" src=""https://dblp.org/img/paper.dark.hollow.16x16.png""/></a>",10.1109/ICDM.2002.1183919,3
64,Efficient Progressive Sampling for Association Rules.,"<a href=""https://doi.org/10.1109/ICDM.2002.1183923""><img alt="""" class=""icon"" itemprop=""image"" src=""https://dblp.org/img/paper.dark.hollow.16x16.png""/></a>",10.1109/ICDM.2002.1183923,30
65,Inference of Sequential Association Rules Guided by Context-Free Grammars.,"<a href=""https://doi.org/10.1007/3-540-45790-9_1""><img alt="""" class=""icon"" itemprop=""image"" src=""https://dblp.org/img/paper.dark.hollow.16x16.png""/></a>",10.1007/3-540-45790-9_1,4
66,Mining Both Positive and Negative Association Rules.,"<a href=""https://dblp.org/rec/conf/icml/WuZZ02.html""><img alt="""" class=""icon"" src=""https://dblp.org/img/info.dark.hollow.16x16.png""/>no references &amp; citations available</a>","=""https://dblp.org/rec/conf/icml/WuZZ02.html",被引次数暂无
67,Text Mining from Biomedical Literature Using Term Extraction and Associations Rule Mining.,"<a href=""https://dblp.org/rec/conf/icmla/TranN02.html""><img alt="""" class=""icon"" src=""https://dblp.org/img/info.dark.hollow.16x16.png""/>no references &amp; citations available</a>","=""https://dblp.org/rec/conf/icmla/TranN02.html",被引次数暂无
68,Association Rule Mining by Agents.,"<a href=""https://dblp.org/rec/conf/icmla/YanZZD02.html""><img alt="""" class=""icon"" src=""https://dblp.org/img/info.dark.hollow.16x16.png""/>no references &amp; citations available</a>","=""https://dblp.org/rec/conf/icmla/YanZZD02.html",被引次数暂无
69,A Tool for Extracting XML Association Rules.,"<a href=""https://doi.org/10.1109/TAI.2002.1180788""><img alt="""" class=""icon"" itemprop=""image"" src=""https://dblp.org/img/paper.dark.hollow.16x16.png""/></a>",10.1109/TAI.2002.1180788,7
70,Mining Association Rules in Text Databases Using Multipass with Inverted Hashing and Pruning.,"<a href=""https://doi.org/10.1109/TAI.2002.1180787""><img alt="""" class=""icon"" itemprop=""image"" src=""https://dblp.org/img/paper.dark.hollow.16x16.png""/></a>",10.1109/TAI.2002.1180787,5
71,Using Page Classification and Association Rule Mining for Personalized Recommendation in Distance Learning.,"<a href=""https://doi.org/10.1007/3-540-45689-9_30""><img alt="""" class=""icon"" itemprop=""image"" src=""https://dblp.org/img/paper.dark.hollow.16x16.png""/></a>",10.1007/3-540-45689-9_30,4
72,A Minimal Perfect Hashing Approach for Mining Association Rules form Very large Databases.,"<a href=""https://dblp.org/rec/conf/imsa/HwangTT02.html""><img alt="""" class=""icon"" src=""https://dblp.org/img/info.dark.hollow.16x16.png""/>no references &amp; citations available</a>","=""https://dblp.org/rec/conf/imsa/HwangTT02.html",被引次数暂无
73,Data Mining of Association Rules and the Process of Knowledge Discovery in Databases.,"<a href=""https://doi.org/10.1007/3-540-46131-0_2""><img alt="""" class=""icon"" itemprop=""image"" src=""https://dblp.org/img/paper.dark.hollow.16x16.png""/></a>",10.1007/3-540-46131-0_2,6
74,A new method for finding generalized frequent itemsets in generalized association rule mining.,"<a href=""https://doi.org/10.1109/ISCC.2002.1021800""><img alt="""" class=""icon"" itemprop=""image"" src=""https://dblp.org/img/paper.dark.hollow.16x16.png""/></a>",10.1109/ISCC.2002.1021800,19
75,Mining negative association rules.,"<a href=""https://doi.org/10.1109/ISCC.2002.1021739""><img alt="""" class=""icon"" itemprop=""image"" src=""https://dblp.org/img/paper.dark.hollow.16x16.png""/></a>",10.1109/ISCC.2002.1021739,9
76,An Association Rule Mining Method for Spatial Database.,"<a href=""https://dblp.org/rec/conf/isdb/LuCC02.html""><img alt="""" class=""icon"" src=""https://dblp.org/img/info.dark.hollow.16x16.png""/>no references &amp; citations available</a>","=""https://dblp.org/rec/conf/isdb/LuCC02.html",被引次数暂无
77,Mining Association Rules in Preference-Ordered Data.,"<a href=""https://doi.org/10.1007/3-540-48050-1_48""><img alt="""" class=""icon"" itemprop=""image"" src=""https://dblp.org/img/paper.dark.hollow.16x16.png""/></a>",10.1007/3-540-48050-1_48,13
78,Discovering Sequential Association Rules with Constraints and Time Lags in Multiple Sequences.,"<a href=""https://doi.org/10.1007/3-540-48050-1_47""><img alt="""" class=""icon"" itemprop=""image"" src=""https://dblp.org/img/paper.dark.hollow.16x16.png""/></a>",10.1007/3-540-48050-1_47,17
79,Mining Influential Association Rules.,"<a href=""https://dblp.org/rec/conf/jcis/ZhangCZ02.html""><img alt="""" class=""icon"" src=""https://dblp.org/img/info.dark.hollow.16x16.png""/>no references &amp; citations available</a>","=""https://dblp.org/rec/conf/jcis/ZhangCZ02.html",被引次数暂无
80,A new two-phase sampling based algorithm for discovering association rules.,"<a href=""https://doi.org/10.1145/775047.775114""><img alt="""" class=""icon"" itemprop=""image"" src=""https://dblp.org/img/paper.dark.hollow.16x16.png""/></a>",10.1145/775047.775114,56
81,Privacy preserving mining of association rules.,"<a href=""https://doi.org/10.1145/775047.775080""><img alt="""" class=""icon"" itemprop=""image"" src=""https://dblp.org/img/paper.dark.hollow.16x16.png""/></a>",10.1145/775047.775080,186
82,Handling very large numbers of association rules in the analysis of microarray data.,"<a href=""https://doi.org/10.1145/775047.775104""><img alt="""" class=""icon"" itemprop=""image"" src=""https://dblp.org/img/paper.dark.hollow.16x16.png""/></a>",10.1145/775047.775104,22
83,Privacy preserving association rule mining in vertically partitioned data.,"<a href=""https://doi.org/10.1145/775047.775142""><img alt="""" class=""icon"" itemprop=""image"" src=""https://dblp.org/img/paper.dark.hollow.16x16.png""/></a>",10.1145/775047.775142,443
84,Mammography Classification By an Association Rule-based Classifier.,"<a href=""https://dblp.org/rec/conf/kdd/ZaianeAC02.html""><img alt="""" class=""icon"" src=""https://dblp.org/img/info.dark.hollow.16x16.png""/>no references &amp; citations available</a>","=""https://dblp.org/rec/conf/kdd/ZaianeAC02.html",被引次数暂无
85,Mining and Querying in Association Rule Discovery.,"<a href=""http://www.cinq-project.org/ecmlpkdd2002/papers/short_paper_01.ps""><img alt="""" class=""icon"" itemprop=""image"" src=""https://dblp.org/img/paper.dark.hollow.16x16.png""/></a>","=""http://www.cinq-project.org/ecmlpkdd2002/papers/short_paper_01.ps",被引次数暂无
86,Algorithms for Association Rules.,"<a href=""https://doi.org/10.1007/3-540-36434-X_7""><img alt="""" class=""icon"" itemprop=""image"" src=""https://dblp.org/img/paper.dark.hollow.16x16.png""/></a>",10.1007/3-540-36434-X_7,15
87,Association Rule Mining on Remotely Sensed Images Using P-trees.,"<a href=""https://doi.org/10.1007/3-540-47887-6_7""><img alt="""" class=""icon"" itemprop=""image"" src=""https://dblp.org/img/paper.dark.hollow.16x16.png""/></a>",10.1007/3-540-47887-6_7,13
88,Discovery of Ordinal Association Rules.,"<a href=""https://doi.org/10.1007/3-540-47887-6_32""><img alt="""" class=""icon"" itemprop=""image"" src=""https://dblp.org/img/paper.dark.hollow.16x16.png""/></a>",10.1007/3-540-47887-6_32,5
89,Efficient Rule Retrieval and Postponed Restrict Operations for Association Rule Mining.,"<a href=""https://doi.org/10.1007/3-540-47887-6_6""><img alt="""" class=""icon"" itemprop=""image"" src=""https://dblp.org/img/paper.dark.hollow.16x16.png""/></a>",10.1007/3-540-47887-6_6,8
90,Pruning Redundant Association Rules Using Maximum Entropy Principle.,"<a href=""https://doi.org/10.1007/3-540-47887-6_13""><img alt="""" class=""icon"" itemprop=""image"" src=""https://dblp.org/img/paper.dark.hollow.16x16.png""/></a>",10.1007/3-540-47887-6_13,25
91,Value Added Association Rules.,"<a href=""https://doi.org/10.1007/3-540-47887-6_33""><img alt="""" class=""icon"" itemprop=""image"" src=""https://dblp.org/img/paper.dark.hollow.16x16.png""/></a>",10.1007/3-540-47887-6_33,9
92,Discovering Numeric Association Rules via Evolutionary Algorithm.,"<a href=""https://doi.org/10.1007/3-540-47887-6_5""><img alt="""" class=""icon"" itemprop=""image"" src=""https://dblp.org/img/paper.dark.hollow.16x16.png""/></a>",10.1007/3-540-47887-6_5,37
93,On the Efficiency of Association-Rule Mining Algorithms.,"<a href=""https://doi.org/10.1007/3-540-47887-6_8""><img alt="""" class=""icon"" itemprop=""image"" src=""https://dblp.org/img/paper.dark.hollow.16x16.png""/></a>",10.1007/3-540-47887-6_8,3
94,Top Down FP-Growth for Association Rule Mining.,"<a href=""https://doi.org/10.1007/3-540-47887-6_34""><img alt="""" class=""icon"" itemprop=""image"" src=""https://dblp.org/img/paper.dark.hollow.16x16.png""/></a>",10.1007/3-540-47887-6_34,56
95,Mining Interesting Association Rules: A Data Mining Language.,"<a href=""https://doi.org/10.1007/3-540-47887-6_16""><img alt="""" class=""icon"" itemprop=""image"" src=""https://dblp.org/img/paper.dark.hollow.16x16.png""/></a>",10.1007/3-540-47887-6_16,4
96,A Fuzzy-Graph-Based Approach to the Determination of Interestingness of Association Rules.,"<a href=""https://doi.org/10.1007/3-540-36277-0_34""><img alt="""" class=""icon"" itemprop=""image"" src=""https://dblp.org/img/paper.dark.hollow.16x16.png""/></a>",10.1007/3-540-36277-0_34,0
97,Efficient Dynamic Load Balancing for Association Rule Mining.,"<a href=""https://dblp.org/rec/conf/pdpta/KimKAR02.html""><img alt="""" class=""icon"" src=""https://dblp.org/img/info.dark.hollow.16x16.png""/>no references &amp; citations available</a>","=""https://dblp.org/rec/conf/pdpta/KimKAR02.html",被引次数暂无
98,Comparing Four Novel Scalable Split/Aggregate Algorithms (Mobile Agent Based) for Distributes Mining of Multimedia Association Rules over the Internet.,"<a href=""https://dblp.org/rec/conf/pdpta/WuWD02.html""><img alt="""" class=""icon"" src=""https://dblp.org/img/info.dark.hollow.16x16.png""/>no references &amp; citations available</a>","=""https://dblp.org/rec/conf/pdpta/WuWD02.html",被引次数暂无
99,Finding Association Rules with Some Very Frequent Attributes.,"<a href=""https://doi.org/10.1007/3-540-45681-3_9""><img alt="""" class=""icon"" itemprop=""image"" src=""https://dblp.org/img/paper.dark.hollow.16x16.png""/></a>",10.1007/3-540-45681-3_9,4
100,Association Rules for Expressing Gradual Dependencies.,"<a href=""https://doi.org/10.1007/3-540-45681-3_17""><img alt="""" class=""icon"" itemprop=""image"" src=""https://dblp.org/img/paper.dark.hollow.16x16.png""/></a>",10.1007/3-540-45681-3_17,32
101,Using Condensed Representations for Interactive Association Rule Mining.,"<a href=""https://doi.org/10.1007/3-540-45681-3_19""><img alt="""" class=""icon"" itemprop=""image"" src=""https://dblp.org/img/paper.dark.hollow.16x16.png""/></a>",10.1007/3-540-45681-3_19,15
102,Answering the Most Correlated N Association Rules Efficiently.,"<a href=""https://doi.org/10.1007/3-540-45681-3_34""><img alt="""" class=""icon"" itemprop=""image"" src=""https://dblp.org/img/paper.dark.hollow.16x16.png""/></a>",10.1007/3-540-45681-3_34,8
103,Association Rules Using Rough Set and Association Rule Methods.,"<a href=""https://doi.org/10.1007/3-540-45683-X_27""><img alt="""" class=""icon"" itemprop=""image"" src=""https://dblp.org/img/paper.dark.hollow.16x16.png""/></a>",10.1007/3-540-45683-X_27,1
104,Privacy Preserving Association Rule Mining.,"<a href=""https://doi.org/10.1109/RIDE.2002.995109""><img alt="""" class=""icon"" itemprop=""image"" src=""https://dblp.org/img/paper.dark.hollow.16x16.png""/></a>",10.1109/RIDE.2002.995109,62
105,An evolutionary algorithm to discover numeric association rules.,"<a href=""https://doi.org/10.1145/508791.508905""><img alt="""" class=""icon"" itemprop=""image"" src=""https://dblp.org/img/paper.dark.hollow.16x16.png""/></a>",10.1145/508791.508905,37
106,MiRABIT: A New Algorithm for Mining Association Rules.,"<a href=""https://doi.org/10.1109/SCCC.2002.1173189""><img alt="""" class=""icon"" itemprop=""image"" src=""https://dblp.org/img/paper.dark.hollow.16x16.png""/></a>",10.1109/SCCC.2002.1173189,2
107,Accurate Classification by means of Association Rules.,"<a href=""https://dblp.org/rec/conf/sebd/BaralisG02.html""><img alt="""" class=""icon"" src=""https://dblp.org/img/info.dark.hollow.16x16.png""/>no references &amp; citations available</a>","=""https://dblp.org/rec/conf/sebd/BaralisG02.html",被引次数暂无
108,Mining Classification and Association Rules in Geographical Data with SDMOQL.,"<a href=""https://dblp.org/rec/conf/sebd/MalerbaACV02.html""><img alt="""" class=""icon"" src=""https://dblp.org/img/info.dark.hollow.16x16.png""/>no references &amp; citations available</a>","=""https://dblp.org/rec/conf/sebd/MalerbaACV02.html",被引次数暂无
109,Association Rules & Evolution in Time.,"<a href=""https://doi.org/10.1007/3-540-46014-4_24""><img alt="""" class=""icon"" itemprop=""image"" src=""https://dblp.org/img/paper.dark.hollow.16x16.png""/></a>",10.1007/3-540-46014-4_24,4
110,A new fast algorithms for mining association rules in large databases.,"<a href=""https://doi.org/10.1109/ICSMC.2002.1175703""><img alt="""" class=""icon"" itemprop=""image"" src=""https://dblp.org/img/paper.dark.hollow.16x16.png""/></a>",10.1109/ICSMC.2002.1175703,4
111,Maintaining Data Privacy in Association Rule Mining.,"<a href=""http://www.vldb.org/conf/2002/S19P03.pdf""><img alt="""" class=""icon"" itemprop=""image"" src=""https://dblp.org/img/paper-oa.dark.hollow.16x16.png""/></a>","=""http://www.vldb.org/conf/2002/S19P03.pdf",被引次数暂无
112,Mining Predicate Association Rule by Gene Expression Programming.,"<a href=""https://doi.org/10.1007/3-540-45703-8_9""><img alt="""" class=""icon"" itemprop=""image"" src=""https://dblp.org/img/paper.dark.hollow.16x16.png""/></a>",10.1007/3-540-45703-8_9,12
113,Relational Association Rules: getting WARMeR.,"<a href=""https://arxiv.org/abs/cs/0206023""><img alt="""" class=""icon"" itemprop=""image"" src=""https://dblp.org/img/paper-oa.dark.hollow.16x16.png""/></a>","=""https://arxiv.org/abs/cs/0206023",被引次数暂无
